Vertex 1,Vertex 2
芒果冰OL,吃素的狮子
芒果冰OL,哔哩哔哩创作中心
芒果冰OL,努力的Lorre
芒果冰OL,嘟督不噶油
芒果冰OL,信誓蛋蛋
芒果冰OL,影视飓风
芒果冰OL,泽野螳螂
芒果冰OL,哔哩哔哩弹幕网
芒果冰OL,纯黑-克劳狄乌斯
天天卡牌,哔哩哔哩UP主执事
天天卡牌,信誓蛋蛋
天天卡牌,渗透之C君
天天卡牌,华农兄弟
天天卡牌,怕上火暴王老菊
天天卡牌,黑桐谷歌
天天卡牌,暴走漫画
天天卡牌,吃素的狮子
天天卡牌,神奇的老皮
天天卡牌,嘻咦啊看
天天卡牌,木鱼水心
天天卡牌,敖厂长
天天卡牌,STN工作室
天天卡牌,LexBurner
神奇的老皮,吃素的狮子
神奇的老皮,STN工作室
神奇的老皮,哔哩哔哩会员购
神奇的老皮,哔哩哔哩弹幕网
神奇的老皮,暴走漫画
神奇的老皮,泽野螳螂
神奇的老皮,影视飓风
神奇的老皮,芒果冰OL
神奇的老皮,努力的Lorre
神奇的老皮,哔哩哔哩UP主执事
神奇的老皮,敖厂长
神奇的老皮,天天卡牌
泛式,LexBurner
泛式,黑桐谷歌
泛式,伊丽莎白鼠
泛式,嘟督不噶油
泛式,逍遥散人
泛式,华农兄弟
泛式,EdmundDZhang
泛式,哔哩哔哩创作中心
泛式,木鱼水心
泛式,渗透之C君
泛式,芒果冰OL
泛式,papi酱
泛式,努力的Lorre
泛式,泽野螳螂
泛式,山下智博
泛式,中国BOY超级大猩猩
泛式,敖厂长
泛式,STN工作室
泛式,怕上火暴王老菊
泛式,吃素的狮子
泛式,天天卡牌
泛式,老番茄
暴走漫画,哔哩哔哩创作中心
暴走漫画,哔哩哔哩UP主执事
LexBurner,陈睿
LexBurner,努力的Lorre
LexBurner,逍遥散人
LexBurner,嘟督不噶油
LexBurner,STN工作室
泽野螳螂,哔哩哔哩弹幕网
泽野螳螂,神奇的老皮
泽野螳螂,努力的Lorre
泽野螳螂,华农兄弟
泽野螳螂,信誓蛋蛋
泽野螳螂,逍遥散人
泽野螳螂,哔哩哔哩UP主执事
泽野螳螂,泛式
泽野螳螂,陈睿
泽野螳螂,STN工作室
泽野螳螂,老番茄
泽野螳螂,渗透之C君
泽野螳螂,纯黑-克劳狄乌斯
泽野螳螂,怕上火暴王老菊
泽野螳螂,LexBurner
泽野螳螂,伊丽莎白鼠
泽野螳螂,吃素的狮子
泽野螳螂,敖厂长
吃素的狮子,神奇的老皮
吃素的狮子,LexBurner
吃素的狮子,山下智博
吃素的狮子,芒果冰OL
吃素的狮子,信誓蛋蛋
吃素的狮子,努力的Lorre
吃素的狮子,黑桐谷歌
吃素的狮子,渗透之C君
吃素的狮子,嘟督不噶油
吃素的狮子,哔哩哔哩创作中心
吃素的狮子,陈睿
吃素的狮子,中国BOY超级大猩猩
吃素的狮子,嘻咦啊看
吃素的狮子,哔哩哔哩弹幕网
吃素的狮子,papi酱
吃素的狮子,泽野螳螂
吃素的狮子,STN工作室
吃素的狮子,怕上火暴王老菊
吃素的狮子,伊丽莎白鼠
吃素的狮子,敖厂长
吃素的狮子,泛式
吃素的狮子,老番茄
吃素的狮子,暴走漫画
哔哩哔哩创作中心,渗透之C君
哔哩哔哩创作中心,努力的Lorre
哔哩哔哩创作中心,papi酱
哔哩哔哩创作中心,STN工作室
哔哩哔哩创作中心,泽野螳螂
哔哩哔哩创作中心,怕上火暴王老菊
哔哩哔哩创作中心,老番茄
哔哩哔哩创作中心,纯黑-克劳狄乌斯
哔哩哔哩创作中心,芒果冰OL
哔哩哔哩创作中心,嘟督不噶油
哔哩哔哩创作中心,神奇的老皮
哔哩哔哩创作中心,天天卡牌
哔哩哔哩创作中心,嘻咦啊看
哔哩哔哩创作中心,伊丽莎白鼠
哔哩哔哩创作中心,山下智博
哔哩哔哩创作中心,影视飓风
努力的Lorre,渗透之C君
努力的Lorre,暴走漫画
努力的Lorre,逍遥散人
努力的Lorre,芒果冰OL
努力的Lorre,泽野螳螂
努力的Lorre,木鱼水心
努力的Lorre,华农兄弟
努力的Lorre,信誓蛋蛋
努力的Lorre,吃素的狮子
努力的Lorre,EdmundDZhang
努力的Lorre,纯黑-克劳狄乌斯
努力的Lorre,泛式
努力的Lorre,LexBurner
努力的Lorre,陈睿
努力的Lorre,STN工作室
努力的Lorre,敖厂长
努力的Lorre,老番茄
努力的Lorre,嘻咦啊看
努力的Lorre,中国BOY超级大猩猩
嘟督不噶油,神奇的老皮
嘟督不噶油,影视飓风
嘟督不噶油,哔哩哔哩弹幕网
嘟督不噶油,信誓蛋蛋
嘟督不噶油,华农兄弟
嘟督不噶油,努力的Lorre
嘟督不噶油,陈睿
嘟督不噶油,LexBurner
嘟督不噶油,嘻咦啊看
信誓蛋蛋,华农兄弟
信誓蛋蛋,EdmundDZhang
信誓蛋蛋,哔哩哔哩创作中心
信誓蛋蛋,暴走漫画
信誓蛋蛋,敖厂长
信誓蛋蛋,LexBurner
信誓蛋蛋,伊丽莎白鼠
信誓蛋蛋,嘻咦啊看
信誓蛋蛋,STN工作室
信誓蛋蛋,老番茄
信誓蛋蛋,哔哩哔哩弹幕网
信誓蛋蛋,中国BOY超级大猩猩
信誓蛋蛋,山下智博
影视飓风,木鱼水心
影视飓风,哔哩哔哩创作中心
影视飓风,中国BOY超级大猩猩
影视飓风,哔哩哔哩弹幕网
影视飓风,神奇的老皮
影视飓风,华农兄弟
哔哩哔哩弹幕网,哔哩哔哩会员购
哔哩哔哩弹幕网,哔哩哔哩创作中心
哔哩哔哩弹幕网,哔哩哔哩UP主执事
哔哩哔哩弹幕网,陈睿
华农兄弟,信誓蛋蛋
华农兄弟,哔哩哔哩创作中心
嘻咦啊看,哔哩哔哩UP主执事
陈睿,黑桐谷歌
陈睿,LexBurner
陈睿,哔哩哔哩会员购
陈睿,泛式
陈睿,哔哩哔哩弹幕网
陈睿,怕上火暴王老菊
陈睿,暴走漫画
陈睿,敖厂长
哔哩哔哩UP主执事,哔哩哔哩创作中心
哔哩哔哩UP主执事,哔哩哔哩会员购
哔哩哔哩UP主执事,陈睿
哔哩哔哩UP主执事,哔哩哔哩弹幕网
中国BOY超级大猩猩,影视飓风
中国BOY超级大猩猩,EdmundDZhang
中国BOY超级大猩猩,渗透之C君
中国BOY超级大猩猩,山下智博
逍遥散人,哔哩哔哩会员购
怕上火暴王老菊,EdmundDZhang
怕上火暴王老菊,天天卡牌
怕上火暴王老菊,嘻咦啊看
怕上火暴王老菊,老番茄
怕上火暴王老菊,逍遥散人
怕上火暴王老菊,伊丽莎白鼠
怕上火暴王老菊,黑桐谷歌
渗透之C君,中国BOY超级大猩猩
渗透之C君,黑桐谷歌
EdmundDZhang,信誓蛋蛋
EdmundDZhang,怕上火暴王老菊
EdmundDZhang,中国BOY超级大猩猩
EdmundDZhang,努力的Lorre
哔哩哔哩会员购,逍遥散人
哔哩哔哩会员购,黑桐谷歌
哔哩哔哩会员购,陈睿
哔哩哔哩会员购,哔哩哔哩弹幕网
哔哩哔哩会员购,哔哩哔哩UP主执事
哔哩哔哩会员购,哔哩哔哩创作中心
黑桐谷歌,哔哩哔哩创作中心
黑桐谷歌,木鱼水心
黑桐谷歌,哔哩哔哩弹幕网
黑桐谷歌,陈睿
黑桐谷歌,吃素的狮子
黑桐谷歌,哔哩哔哩UP主执事
黑桐谷歌,渗透之C君
黑桐谷歌,怕上火暴王老菊
黑桐谷歌,老番茄
木鱼水心,努力的Lorre
木鱼水心,暴走漫画
木鱼水心,敖厂长
STN工作室,敖厂长
STN工作室,老番茄
STN工作室,努力的Lorre
STN工作室,嘻咦啊看
STN工作室,嘟督不噶油
STN工作室,吃素的狮子
STN工作室,怕上火暴王老菊
STN工作室,天天卡牌
STN工作室,渗透之C君
STN工作室,暴走漫画
STN工作室,LexBurner
STN工作室,纯黑-克劳狄乌斯
STN工作室,黑桐谷歌
伊丽莎白鼠,哔哩哔哩弹幕网
伊丽莎白鼠,LexBurner
伊丽莎白鼠,老番茄
伊丽莎白鼠,逍遥散人
伊丽莎白鼠,papi酱
伊丽莎白鼠,吃素的狮子
伊丽莎白鼠,怕上火暴王老菊
伊丽莎白鼠,敖厂长
papi酱,伊丽莎白鼠
山下智博,哔哩哔哩创作中心
山下智博,哔哩哔哩会员购
山下智博,逍遥散人
山下智博,中国BOY超级大猩猩
山下智博,LexBurner
山下智博,敖厂长
山下智博,暴走漫画
